class,n,outliers,outlier_pct
0,562,20,3.558718861209965
1,896,26,2.9017857142857144
2,244,40,16.39344262295082
