class,n,outliers,outlier_pct
0,562,29,5.160142348754448
1,896,45,5.022321428571429
2,244,13,5.327868852459016
