class,n,shap_outliers,outlier_pct,overlap_with_mis
0,1702,6,0.35252643948296125,1
1,1702,7,0.4112808460634548,3
2,1702,14,0.8225616921269095,2
